R_L,R_pair,R_pair_error,R_gluon,R_gluon_error
0.008,0.9937178237179216,3.6856569050646645e-05,0.9871325222812745,1.73540139802459e-05
0.008558306171856657,0.9937172588026219,3.684632601654969e-05,0.9871319611096303,1.736534099933179e-05
0.009155575566404967,0.993716612727654,3.683534547407466e-05,0.9871313193161583,1.7377432069844675e-05
0.009794527359607952,0.9937158739082447,3.682357220448033e-05,0.9871305853928556,1.7390336609077e-05
0.01047807049401895,0.9937150291291769,3.681094647615052e-05,0.987129746212082,1.740410690697069e-05
0.011209316922263936,0.9937140633225342,3.6797403604075e-05,0.9871287868057753,1.7418798243308257e-05
0.011991595774763584,0.9937129593174139,3.678287345287975e-05,0.9871276901168229,1.7434469000797413e-05
0.01282846851619617,0.9937116975588093,3.676727987416735e-05,0.987126436719808,1.7451180773988328e-05
0.013723745159703808,0.9937102557928372,3.675054006429985e-05,0.9871250045083225,1.7468998470406584e-05
0.014681501612660124,0.9937086087155642,3.673256383135193e-05,0.9871233683461201,1.748799040411935e-05
0.015706098232969073,0.9937067275829342,3.671325274997125e-05,0.98712149967963,1.750822837823138e-05
0.016802199680375763,0.9937045797797613,3.6692499185644406e-05,0.9871193661098051,1.7529787754394987e-05
0.017974796153165974,0.993702128346542,3.66701851596689e-05,0.9871169309220692,1.755274750841127e-05
0.0192292261069382,0.9936993314640322,3.66461810224756e-05,0.9871141525743125,1.7577190268800232e-05
0.02057120055887954,0.9936961418973335,3.6620343895044865e-05,0.9871109841446585,1.760320233891275e-05
0.022006829088194978,0.9936925064037784,3.659251582653234e-05,0.9871073727432758,1.7630873701138448e-05
0.023542647651061704,0.9936883651124795,3.6562521605581135e-05,0.9871032588960368,1.766029800591609e-05
0.025185648336740994,0.9936836508883284,3.653016614673891e-05,0.9870985759127333,1.7691572548433547e-05
0.02694331120031772,0.9936782886999175,3.649523135169905e-05,0.9870932492591857,1.7724798241732366e-05
0.028823638316991706,0.993672195019762,3.645747232385131e-05,0.9870871959614402,1.776007959870271e-05
0.03083519021295926,0.9936652772970734,3.641661277952253e-05,0.9870803240820364,1.7797524743374237e-05
0.032987124838742894,0.9936574335588493,3.637233946234918e-05,0.9870725323237399,1.783724548523539e-05
0.035289239262402405,0.993648552215241,3.6324295316951814e-05,0.9870637098362007,1.7879357503125237e-05
0.03775201427244309,0.993638512171132,3.627207111581539e-05,0.9870537363267913,1.7923980714174788e-05
0.04038666209348377,0.9936271833789806,3.621519515913718e-05,0.9870424826097864,1.7971239932848513e-05
0.04320517743191892,0.9936144280097406,3.6153120568984766e-05,0.9870298117695239,1.802126598249564e-05
0.04622039208396919,0.9936001024707631,3.6085209587590655e-05,0.9870155811649334,1.807419749407456e-05
0.0494460333547335,0.9935840605637244,3.601071414924111e-05,0.9869996455665376,1.8130183742908595e-05
0.05289678655420572,0.9935661581534443,3.5928751833059424e-05,0.9869818617943311,1.8189389048619165e-05
0.05658836185478036,0.9935462598113087,3.583827612080427e-05,0.9869620953171755,1.8251999522694994e-05
0.060537565814628054,0.9935242480054212,3.573803968377184e-05,0.9869402293820506,1.8318233347427396e-05
0.06476237789256371,0.9935000355330642,3.562654923345217e-05,0.9869161773641257,1.8388356381692255e-05
0.06928203230275512,0.9934735820268695,3.5502010313863445e-05,0.9868898991635444,1.8462705813767794e-05
0.07411710558193016,0.9934449155088982,3.536226037650596e-05,0.9868614226166669,1.854172599952355e-05
0.07928961026774803,0.9934141601071114,3.520468863418287e-05,0.9868308710288669,1.8626022753613264e-05
0.08482309511482204,0.993381571171784,3.502614174643253e-05,0.9867984980582305,1.871644553227627e-05
0.0907427523046457,0.9933475791140592,3.482281555068839e-05,0.9867647312635948,1.8814211570872478e-05
0.09707553213751362,0.9933128433065214,3.459013519089055e-05,0.9867302256479261,1.892109257537462e-05
0.1,0.9932975581494466,3.447708959906083e-05,0.9867150417845632,1.8971636496387275e-05
0.10385026572859397,0.9932783173002391,3.432262951514319e-05,0.986695928443174,1.9039693413367803e-05
0.11109779626674743,0.993245326381555,3.4013810987269684e-05,0.9866631561530976,1.917386341116918e-05
0.11885111943367221,0.9932156580687641,3.3656079981458154e-05,0.9866336844502277,1.9329293373517575e-05
0.12714553362265865,0.9931916654892499,3.324068233502544e-05,0.9866098508679303,1.9514362301468655e-05
0.13601880064085092,0.9931763826464426,3.275776112363135e-05,0.9865946693034985,1.9741300485186934e-05
0.1455113176266418,0.9931736493666654,3.219655711832257e-05,0.9865919541369831,2.002771876615586e-05
0.1556663009648853,0.9931882422193095,3.15458272080865e-05,0.9866064502837705,2.039850133867198e-05
0.16652998303723418,0.9932260059732191,3.0794569720931066e-05,0.9866439637798131,2.088795706133533e-05
0.17815182270334315,0.9932939782612645,2.9933183845664572e-05,0.9867114856200601,2.1541975996173714e-05
0.1905847304711918,0.9934004981702353,2.8955283254957683e-05,0.9868172996287313,2.241979433393232e-05
0.2038853093816547,0.9935552875719086,2.7860606877955944e-05,0.9869710632514108,2.3594945328374057e-05
0.21811411270398987,0.9937694923404773,2.665995527626848e-05,0.9871838484993303,2.5155189019835732e-05
0.2333359196154493,0.9940556695161037,2.5384021774649364e-05,0.9874681291979883,2.720163297863162e-05
0.24962003012009348,0.9944277066917309,2.409953433759739e-05,0.98783770090818,2.984751364762391e-05
0.26704058054948004,0.994900662531842,2.29377123622286e-05,0.9883075225016276,3.3216633289705475e-05
0.2856768810815999,0.9954905232105048,2.2137472293303606e-05,0.9888934742130947,3.74399453693495e-05
0.3,0.9960008188761886,2.1997065957958028e-05,0.989400388183593,4.11108420527875e-05
0.30561377681467694,0.9962138772127962,2.2084869963528127e-05,0.9896120345968792,4.264653077090758e-05
0.326942034039684,0.9970875134234298,2.3277923195313515e-05,0.9904798812788803,4.89432895221775e-05
0.3497587534701495,0.9981279303210836,2.61392235022162e-05,0.9915134034034634,5.6379818372900266e-05
0.37416781231055884,0.9993506911989735,3.07919174708946e-05,0.992728061126943,6.490953783482926e-05
0.40028033717594474,1.0007694783431174,3.707945420012401e-05,0.9941374460637442,7.439261373793992e-05
0.42821521001571883,1.0023946541747173,4.493629247411399e-05,0.9957518519639983,8.473595856927674e-05
0.4580996093450525,1.0042312084169032,5.5080546288176893e-05,0.9975762354842742,9.629295504491715e-05
0.49006958924786065,1.0062760253465732,6.968081880943551e-05,0.999607501549158,0.00011045103736398356
0.5242706987874026,1.0085140008746183,9.154573652861484e-05,1.001830646163328,0.0001295148860690081
0.5608586446444787,1.010911347996974,0.00012102957543836834,1.004212106226931,0.0001545071347637315
0.6,1.0134030674534737,0.00015404436558724216,1.0066873132255427,0.00018253301140946782
