R_L,EEC_pp,EEC_pp_error,EEC_pA,EEC_pA_error,R_pA,R_pA_error
0.008,0.03651325034545289,9.236168478213743e-07,0.03640652343366955,1.1697668081364321e-06,0.9970770361232265,3.495573227517901e-05
0.008824802928597726,0.04026245819732215,1.0174034649120663e-06,0.0401447505724854,1.2852699434238427e-06,0.9970764918460795,3.488716346606675e-05
0.00973464334107337,0.044392983040799396,1.1205020232202035e-06,0.044263170285881386,1.411517184425181e-06,0.9970758271684805,3.4811389468240105e-05
0.010738288633144823,0.04894236000365302,1.2337796810944315e-06,0.04879920438232214,1.5493451284258102e-06,0.9970750159714367,3.472764353882925e-05
0.011845410122238014,0.053951391919648234,1.358167713428945e-06,0.05379353158112548,1.6996121260199454e-06,0.9970740265838208,3.463507679756252e-05
0.013066676242145891,0.05946428430896752,1.4946609559485776e-06,0.05929022168351853,1.8631849303509558e-06,0.9970728206439923,3.453274989575899e-05
0.014413855346090916,0.06552872778424464,1.644315110089162e-06,0.06533681719010569,2.04092021752995e-06,0.9970713517471174,3.441962417304202e-05
0.01589992910882088,0.0721959013312387,1.8082410849190628e-06,0.0719843358518989,2.233639601392498e-06,0.9970695638472726,3.429455244925049e-05
0.017539217620502336,0.07952036094180558,1.9875953029039975e-06,0.07928715868712104,2.4420964754786294e-06,0.9970673893840195,3.41562697077285e-05
0.019347517377840233,0.08755976664780941,2.183564583998486e-06,0.08730275658946479,2.6669326985680174e-06,0.9970647471072143,3.40033840842388e-05
0.021342253502132473,0.09637438669067055,2.397343839014855e-06,0.09609119437022919,2.9086228188428308e-06,0.9970615395836414,3.383436880412164e-05
0.023542647651061704,0.10602630002547657,2.630104342979354e-06,0.10571433358273084,3.167403246766387e-06,0.9970576503879626,3.364755603336518e-05
0.025969903242254202,0.11657819750685953,2.8829498260241693e-06,0.11623463468225353,3.4431836107980033e-06,0.9970529410133847,3.3441134064971886e-05
0.028647409773455545,0.1280916583404779,3.156857031291967e-06,0.12771343538780847,3.735437581598936e-06,0.9970472475915326,3.321314988263315e-05
0.03160096820819119,0.14062475301665686,3.4525967930295584e-06,0.14020855684711894,4.0430709165208484e-06,0.9970403775963352,3.296151998978826e-05
0.03485903959877113,0.1542287997888314,3.770631172726556e-06,0.15377106518847808,4.364265633526742e-06,0.9970321068375035,3.2684053488214116e-05
0.03845301934241743,0.16894408399584712,4.110981912882935e-06,0.16844099845812152,4.69630146823906e-06,0.9970221772445257,3.237849278100181e-05
0.04241753971329878,0.18479434678350418,4.4730656764109855e-06,0.18424186642779475,5.035359624983693e-06,0.9970102962275319,3.2042578914399385e-05
0.04679080358572867,0.2017798753624657,4.855492607431739e-06,0.20117375662576034,5.376319949517366e-06,0.996996138809103,3.1674150319831644e-05
0.0516149525643474,0.21986909984172906,5.255827189325822e-06,0.2192049531885064,5.712571720227082e-06,0.99697935428989,3.127128518396716e-05
0.056936473068660676,0.23898874665270084,5.67031483408862e-06,0.23826212048361994,6.03587082730863e-06,0.9969595799833335,3.083249805379129e-05
0.06280664428504279,0.2590128439473306,6.093584818567403e-06,0.2582193491821991,6.336292246446039e-06,0.9969364655704376,3.0356999062297784e-05
0.06928203230275512,0.27975124555451775,6.518350685167145e-06,0.2788867338913346,6.602345408602849e-06,0.9969097129077316,2.984501675272246e-05
0.07642503519556942,0.30093884660007486,6.9351432416049886e-06,0.299999657885266,6.821338528895339e-06,0.9968791376539801,2.9298168837528857e-05
0.08430448430150562,0.32222727792985467,7.332128204701977e-06,0.321210573782516,6.980090917563924e-06,0.9968447607729846,2.871983371598718e-05
0.09299630749473094,0.3431814948896194,7.695078477494873e-06,0.342085695651128,7.066091803635874e-06,0.9968069396083147,2.811542263219946e-05
0.10258426084103449,0.36328413434007917,8.00758662817141e-06,0.36210947304708196,7.0691799731206295e-06,0.9967665494252013,2.7492373026386026e-05
0.11316073568724921,0.3819505218208999,8.251611236305742e-06,0.38069972036570116,6.983756813488004e-06,0.9967252264789803,2.6859580008437703e-05
0.1248276489618887,0.39855643932293877,8.40844381940609e-06,0.397235496542594,6.811417842725559e-06,0.9966856820013026,2.6225872952522314e-05
0.13769742526610554,0.4124789594404495,8.460147830443486e-06,0.41109801786892697,6.563611286099446e-06,0.9966520920887799,2.5597070647121216e-05
0.15189408021858677,0.42314783211039053,8.391431046854141e-06,0.42172206108827365,6.263288440278375e-06,0.9966305604946478,2.4971179286398497e-05
0.16755441549370523,0.43010156193090276,8.191718109939917e-06,0.4286519644635194,5.943148346084973e-06,0.9966296391464482,2.433151367965706e-05
0.18482933706854116,0.4330394392361441,7.856830136020289e-06,0.4315934661290403,5.636185976972077e-06,0.996660874331321,2.3638038933900842e-05
0.2038853093816547,0.4318596523757665,7.389176292812127e-06,0.43045149794852405,5.354795692932855e-06,0.9967393239458795,2.2818501484218532e-05
0.22490595941615987,0.42667517615634204,6.795141398290947e-06,0.4253456399189806,5.065037598946362e-06,0.996883961590317,2.176508440994815e-05
0.248093846164351,0.41780343233392175,6.0800386483480745e-06,0.4165992597519963,4.6890144344397575e-06,0.9971178489961207,2.0357441778682208e-05
0.2736724125247798,0.40573157957865963,5.249290639687985e-06,0.4047042416230003,4.222660383614898e-06,0.9974679369135471,1.858546880906185e-05
0.3018881384406351,0.39106473325969454,4.352615019098117e-06,0.3902686739448205,4.180578016309027e-06,0.9979643796866096,1.7007470635708107e-05
0.3330129160274789,0.37446757157257293,3.6821577283287323e-06,0.3739580391860322,5.931601556821505e-06,0.9986393150563053,1.7886485356877035e-05
0.3673466695775204,0.3566097833446718,4.071568355598155e-06,0.35644042129677217,1.0093811702274613e-05,0.9995250773932471,2.5087284475005197e-05
0.40522024568729015,0.33812310946088947,6.038061675896615e-06,0.3383434892496709,1.627115373204206e-05,1.0006517738143743,4.0592894205600286e-05
0.4469986013585358,0.3195737240086925,9.139584281653321e-06,0.32022688065720567,2.3786898515004166e-05,1.0020438371475604,6.486391938078948e-05
0.49308432079348685,0.30144998932003036,1.2886435051322573e-05,0.3025693594212156,3.212970659292958e-05,1.0037132862525893,9.960269981513642e-05
0.5439214947729977,0.2841636560020762,1.657850547708062e-05,0.28576841918221824,4.407820358087989e-05,1.0056473202897216,0.0001547912660321384
0.6,0.2680627126041529,1.8703422696179843e-05,0.2701525199990806,6.861663797863533e-05,1.007795964513773,0.00025873496100329923
